skim_type,skim_variable,n_missing,complete_rate,numeric.mean,numeric.sd,numeric.p0,numeric.p25,numeric.p50,numeric.p75,numeric.p100,numeric.hist
numeric,age,10,0.9983660130718954,33.316700553731444,6.353807918856493,18.034223134839152,28.388090349075977,33.258042436687205,38.03490759753594,53.021218343600275,▂▇▇▃▁
numeric,total_appearances,0,1,103.89722222222223,81.02092114878472,20,40,78,145,432,▇▃▂▁▁
numeric,total_goals,0,1,9.961928104575113,20.06554926337921,0,1,3,10,349,▇▁▁▁▁
numeric,total_assists,0,1,7.857189542483572,12.450018942630704,0,1,3,9,165,▇▁▁▁▁
numeric,goals_per_90,0,1,0.11778763764417335,0.13757529211718783,0,0.019351197732693243,0.06381941504144016,0.17341040462427745,1.004291845493562,▇▂▁▁▁
numeric,assists_per_90,0,1,0.0933848975554581,0.08765711803398502,0,0.02307248760784628,0.0721170026816539,0.14233340546407414,0.8241758241758242,▇▂▁▁▁
numeric,market_value_in_eur,0,1,5761620.098038898,13106652.63838135,10000,300000,1000000,5000000,200000000,▇▁▁▁▁
